FPR,TPR
0.0,0.0
0.0,0.0005230125523012
0.0005230125523012,0.0005230125523012
0.0005230125523012,0.0010460251046025
0.0015690376569037,0.0010460251046025
0.0015690376569037,0.0015690376569037
0.002092050209205,0.0015690376569037
0.002092050209205,0.0026150627615062
0.0031380753138075,0.0026150627615062
0.0031380753138075,0.0036610878661087
0.0052301255230125,0.0036610878661087
0.0052301255230125,0.0052301255230125
0.0057531380753138,0.0052301255230125
0.0057531380753138,0.006276150627615
0.0073221757322175,0.006276150627615
0.0073221757322175,0.0073221757322175
0.0078451882845188,0.0073221757322175
0.0078451882845188,0.0088912133891213
0.0088912133891213,0.0088912133891213
0.0088912133891213,0.0109832635983263
0.0094142259414225,0.0109832635983263
0.0094142259414225,0.0115062761506276
0.0099372384937238,0.0115062761506276
0.0099372384937238,0.0120292887029288
0.0104602510460251,0.0120292887029288
0.0104602510460251,0.0135983263598326
0.0125523012552301,0.0135983263598326
0.0125523012552301,0.0151673640167364
0.0146443514644351,0.0151673640167364
0.0146443514644351,0.0156903765690376
0.0156903765690376,0.0156903765690376
0.0156903765690376,0.0172594142259414
0.0167364016736401,0.0172594142259414
0.0167364016736401,0.0198744769874477
0.0193514644351464,0.0198744769874477
0.0193514644351464,0.0224895397489539
0.0219665271966527,0.0224895397489539
0.0219665271966527,0.0235355648535564
0.0224895397489539,0.0235355648535564
0.0224895397489539,0.0240585774058577
0.0235355648535564,0.0240585774058577
0.0235355648535564,0.0271966527196652
0.0240585774058577,0.0271966527196652
0.0240585774058577,0.028765690376569
0.0251046025104602,0.028765690376569
0.0251046025104602,0.030857740585774
0.0256276150627615,0.030857740585774
0.0256276150627615,0.0319037656903765
0.0277196652719665,0.0319037656903765
0.0277196652719665,0.0324267782426778
0.0282426778242677,0.0324267782426778
0.0282426778242677,0.032949790794979
0.0298117154811715,0.032949790794979
0.0298117154811715,0.0350418410041841
0.0324267782426778,0.0350418410041841
0.0324267782426778,0.0355648535564853
0.032949790794979,0.0355648535564853
0.032949790794979,0.0360878661087866
0.0339958158995815,0.0360878661087866
0.0339958158995815,0.0376569037656903
0.0345188284518828,0.0376569037656903
0.0345188284518828,0.0402719665271966
0.0350418410041841,0.0402719665271966
0.0350418410041841,0.0407949790794979
0.0355648535564853,0.0407949790794979
0.0355648535564853,0.0423640167364016
0.0360878661087866,0.0423640167364016
0.0360878661087866,0.0439330543933054
0.0371338912133891,0.0439330543933054
0.0371338912133891,0.0444560669456066
0.0387029288702928,0.0444560669456066
0.0387029288702928,0.0449790794979079
0.0392259414225941,0.0449790794979079
0.0392259414225941,0.0460251046025104
0.0397489539748954,0.0460251046025104
0.0397489539748954,0.0465481171548117
0.0407949790794979,0.0465481171548117
0.0407949790794979,0.0481171548117154
0.0418410041841004,0.0481171548117154
0.0418410041841004,0.0502092050209205
0.0428870292887029,0.0502092050209205
0.0428870292887029,0.0507322175732217
0.0434100418410041,0.0507322175732217
0.0434100418410041,0.0517782426778242
0.0439330543933054,0.0517782426778242
0.0439330543933054,0.0570083682008368
0.0449790794979079,0.0570083682008368
0.0449790794979079,0.0580543933054393
0.0455020920502092,0.0580543933054393
0.0455020920502092,0.0591004184100418
0.0465481171548117,0.0591004184100418
0.0465481171548117,0.0596234309623431
0.0481171548117154,0.0596234309623431
0.0481171548117154,0.0606694560669456
0.0486401673640167,0.0606694560669456
0.0486401673640167,0.0617154811715481
0.0491631799163179,0.0617154811715481
0.0491631799163179,0.0653765690376569
0.0496861924686192,0.0653765690376569
0.0496861924686192,0.0669456066945606
0.0507322175732217,0.0669456066945606
0.0507322175732217,0.0674686192468619
0.0517782426778242,0.0674686192468619
0.0517782426778242,0.0679916317991631
0.0523012552301255,0.0679916317991631
0.0523012552301255,0.0690376569037656
0.0528242677824267,0.0690376569037656
0.0528242677824267,0.0700836820083682
0.0564853556485355,0.0700836820083682
0.0564853556485355,0.0716527196652719
0.057531380753138,0.0716527196652719
0.057531380753138,0.0726987447698744
0.0585774058577405,0.0726987447698744
0.0585774058577405,0.0737447698744769
0.0601464435146443,0.0737447698744769
0.0601464435146443,0.0742677824267782
0.0611924686192468,0.0742677824267782
0.0611924686192468,0.0747907949790794
0.0617154811715481,0.0747907949790794
0.0617154811715481,0.075836820083682
0.0622384937238493,0.075836820083682
0.0622384937238493,0.0763598326359832
0.0658995815899581,0.0763598326359832
0.0658995815899581,0.0768828451882845
0.0664225941422594,0.0768828451882845
0.0664225941422594,0.0784518828451882
0.0669456066945606,0.0784518828451882
0.0669456066945606,0.0789748953974895
0.0690376569037656,0.0789748953974895
0.0690376569037656,0.0794979079497908
0.0695606694560669,0.0794979079497908
0.0695606694560669,0.080020920502092
0.0700836820083682,0.080020920502092
0.0700836820083682,0.0805439330543933
0.0711297071129707,0.0805439330543933
0.0711297071129707,0.0815899581589958
0.0726987447698744,0.0815899581589958
0.0726987447698744,0.0836820083682008
0.075836820083682,0.0836820083682008
0.075836820083682,0.0842050209205021
0.0763598326359832,0.0842050209205021
0.0763598326359832,0.0852510460251046
0.0768828451882845,0.0852510460251046
0.0768828451882845,0.0868200836820083
0.0774058577405857,0.0868200836820083
0.0774058577405857,0.0878661087866108
0.0784518828451882,0.0878661087866108
0.0784518828451882,0.0889121338912133
0.0789748953974895,0.0889121338912133
0.0789748953974895,0.0894351464435146
0.0815899581589958,0.0894351464435146
0.0815899581589958,0.0899581589958159
0.0842050209205021,0.0899581589958159
0.0842050209205021,0.0925732217573221
0.0847280334728033,0.0925732217573221
0.0847280334728033,0.0930962343096234
0.0852510460251046,0.0930962343096234
0.0852510460251046,0.0946652719665272
0.0857740585774058,0.0946652719665272
0.0857740585774058,0.0951882845188284
0.0868200836820083,0.0951882845188284
0.0868200836820083,0.0957112970711297
0.0883891213389121,0.0957112970711297
0.0883891213389121,0.0967573221757322
0.0889121338912133,0.0967573221757322
0.0889121338912133,0.0978033472803347
0.0904811715481171,0.0978033472803347
0.0904811715481171,0.0983263598326359
0.0920502092050209,0.0983263598326359
0.0920502092050209,0.0998953974895397
0.0930962343096234,0.100418410041841
0.0936192468619246,0.100418410041841
0.0936192468619246,0.1014644351464435
0.0941422594142259,0.1014644351464435
0.0941422594142259,0.102510460251046
0.0946652719665272,0.102510460251046
0.0946652719665272,0.104602510460251
0.0951882845188284,0.104602510460251
0.0951882845188284,0.1051255230125523
0.0957112970711297,0.1051255230125523
0.0957112970711297,0.1056485355648535
0.0962343096234309,0.1056485355648535
0.0962343096234309,0.106694560669456
0.0972803347280334,0.106694560669456
0.0972803347280334,0.1098326359832636
0.0998953974895397,0.1098326359832636
0.0998953974895397,0.1103556485355648
0.1009414225941422,0.1103556485355648
0.1009414225941422,0.1114016736401673
0.1014644351464435,0.1114016736401673
0.1014644351464435,0.1129707112970711
0.102510460251046,0.1129707112970711
0.102510460251046,0.1140167364016736
0.1030334728033472,0.1140167364016736
0.1030334728033472,0.1161087866108786
0.1040794979079497,0.1161087866108786
0.1040794979079497,0.1176778242677824
0.106694560669456,0.1176778242677824
0.106694560669456,0.1187238493723849
0.1077405857740585,0.1187238493723849
0.1077405857740585,0.1192468619246862
0.1098326359832636,0.1192468619246862
0.1098326359832636,0.1202928870292887
0.1108786610878661,0.1202928870292887
0.1108786610878661,0.1208158995815899
0.1119246861924686,0.1208158995815899
0.1119246861924686,0.1223849372384937
0.1129707112970711,0.1223849372384937
0.1129707112970711,0.1229079497907949
0.1140167364016736,0.1229079497907949
0.1140167364016736,0.125
0.1145397489539749,0.125
0.1145397489539749,0.1255230125523012
0.1150627615062761,0.1255230125523012
0.1150627615062761,0.1260460251046025
0.1161087866108786,0.1260460251046025
0.1161087866108786,0.1265690376569037
0.1171548117154811,0.1265690376569037
0.1171548117154811,0.1297071129707113
0.1176778242677824,0.1297071129707113
0.1176778242677824,0.1307531380753138
0.1182008368200836,0.1307531380753138
0.1182008368200836,0.131276150627615
0.1192468619246862,0.131276150627615
0.1192468619246862,0.1323221757322175
0.1197698744769874,0.1323221757322175
0.1197698744769874,0.13336820083682
0.1202928870292887,0.13336820083682
0.1202928870292887,0.1344142259414226
0.1213389121338912,0.1344142259414226
0.1213389121338912,0.1349372384937238
0.1218619246861924,0.1349372384937238
0.1218619246861924,0.1354602510460251
0.1223849372384937,0.1354602510460251
0.1223849372384937,0.1391213389121338
0.1234309623430962,0.1391213389121338
0.1234309623430962,0.1401673640167364
0.1239539748953974,0.1401673640167364
0.1239539748953974,0.1406903765690376
0.125,0.1406903765690376
0.125,0.1427824267782426
0.1260460251046025,0.1427824267782426
0.1260460251046025,0.1433054393305439
0.1265690376569037,0.1433054393305439
0.1265690376569037,0.1453974895397489
0.127092050209205,0.1453974895397489
0.127092050209205,0.1464435146443514
0.12918410041841,0.1464435146443514
0.12918410041841,0.1469665271966527
0.1297071129707113,0.1469665271966527
0.1297071129707113,0.1474895397489539
0.1302301255230125,0.1474895397489539
0.1302301255230125,0.1480125523012552
0.131276150627615,0.1480125523012552
0.131276150627615,0.1485355648535564
0.1317991631799163,0.1485355648535564
0.1317991631799163,0.1490585774058577
0.1328451882845188,0.1490585774058577
0.1328451882845188,0.1495815899581589
0.13336820083682,0.1495815899581589
0.13336820083682,0.1548117154811715
0.1338912133891213,0.1548117154811715
0.1338912133891213,0.1574267782426778
0.1344142259414226,0.1574267782426778
0.1344142259414226,0.1579497907949791
0.1349372384937238,0.1579497907949791
0.1349372384937238,0.1584728033472803
0.1354602510460251,0.1584728033472803
0.1354602510460251,0.1589958158995816
0.1365062761506276,0.1589958158995816
0.1365062761506276,0.1626569037656903
0.1380753138075313,0.1626569037656903
0.1380753138075313,0.1637029288702929
0.1385983263598326,0.1637029288702929
0.1385983263598326,0.1642259414225941
0.1391213389121338,0.1642259414225941
0.1391213389121338,0.1647489539748954
0.1396443514644351,0.1647489539748954
0.1396443514644351,0.1652719665271966
0.1412133891213389,0.1652719665271966
0.1412133891213389,0.1657949790794979
0.1417364016736401,0.1657949790794979
0.1417364016736401,0.1663179916317991
0.1427824267782426,0.1663179916317991
0.1427824267782426,0.1668410041841004
0.1433054393305439,0.1668410041841004
0.1433054393305439,0.1673640167364016
0.1459205020920502,0.1673640167364016
0.1459205020920502,0.1678870292887029
0.1464435146443514,0.1678870292887029
0.1464435146443514,0.1689330543933054
0.1474895397489539,0.1689330543933054
0.1474895397489539,0.1699790794979079
0.1485355648535564,0.1699790794979079
0.1485355648535564,0.1705020920502092
0.1501046025104602,0.1705020920502092
0.1501046025104602,0.174163179916318
0.153765690376569,0.174163179916318
0.153765690376569,0.1746861924686192
0.1542887029288702,0.1746861924686192
0.1542887029288702,0.1752092050209205
0.1548117154811715,0.1752092050209205
0.1548117154811715,0.1757322175732217
0.1553347280334728,0.1757322175732217
0.1553347280334728,0.176255230125523
0.1574267782426778,0.176255230125523
0.1574267782426778,0.1773012552301255
0.1595188284518828,0.1773012552301255
0.1595188284518828,0.178347280334728
0.1600418410041841,0.178347280334728
0.1600418410041841,0.1820083682008368
0.1605648535564853,0.1820083682008368
0.1605648535564853,0.182531380753138
0.1616108786610878,0.182531380753138
0.1616108786610878,0.1830543933054393
0.1621338912133891,0.1830543933054393
0.1621338912133891,0.1835774058577405
0.1631799163179916,0.1835774058577405
0.1631799163179916,0.1841004184100418
0.1637029288702929,0.1841004184100418
0.1637029288702929,0.1846234309623431
0.1642259414225941,0.1846234309623431
0.1642259414225941,0.1851464435146443
0.1647489539748954,0.1851464435146443
0.1647489539748954,0.1872384937238493
0.1652719665271966,0.1872384937238493
0.1652719665271966,0.1877615062761506
0.1663179916317991,0.1877615062761506
0.1663179916317991,0.1914225941422594
0.1668410041841004,0.1914225941422594
0.1668410041841004,0.1924686192468619
0.1673640167364016,0.1924686192468619
0.1673640167364016,0.1929916317991631
0.1678870292887029,0.1929916317991631
0.1678870292887029,0.1945606694560669
0.1684100418410042,0.1945606694560669
0.1684100418410042,0.1950836820083682
0.1699790794979079,0.1950836820083682
0.1699790794979079,0.1956066945606694
0.1720711297071129,0.1956066945606694
0.1720711297071129,0.1961297071129707
0.1725941422594142,0.1961297071129707
0.1725941422594142,0.1971757322175732
0.1731171548117154,0.1971757322175732
0.1731171548117154,0.1982217573221757
0.1736401673640167,0.1982217573221757
0.1736401673640167,0.1997907949790795
0.174163179916318,0.1997907949790795
0.174163179916318,0.2013598326359832
0.1757322175732217,0.2013598326359832
0.1757322175732217,0.2018828451882845
0.176255230125523,0.2018828451882845
0.176255230125523,0.2024058577405857
0.1767782426778242,0.2024058577405857
0.1767782426778242,0.202928870292887
0.1778242677824267,0.202928870292887
0.1778242677824267,0.2034518828451882
0.178347280334728,0.2034518828451882
0.178347280334728,0.205020920502092
0.1788702928870293,0.205020920502092
0.1788702928870293,0.2055439330543933
0.1799163179916318,0.2055439330543933
0.1799163179916318,0.2060669456066945
0.1809623430962343,0.2060669456066945
0.1809623430962343,0.2076359832635983
0.182531380753138,0.2076359832635983
0.182531380753138,0.2086820083682008
0.1841004184100418,0.2086820083682008
0.1841004184100418,0.2097280334728033
0.1846234309623431,0.2097280334728033
0.1846234309623431,0.2102510460251046
0.1851464435146443,0.2102510460251046
0.1851464435146443,0.2118200836820083
0.1856694560669456,0.2118200836820083
0.1856694560669456,0.2123430962343096
0.1877615062761506,0.2123430962343096
0.1877615062761506,0.2154811715481171
0.1882845188284518,0.2154811715481171
0.1882845188284518,0.2175732217573222
0.1888075313807531,0.2175732217573222
0.1888075313807531,0.2180962343096234
0.1893305439330544,0.2180962343096234
0.1893305439330544,0.2191422594142259
0.1903765690376569,0.2191422594142259
0.1903765690376569,0.2196652719665272
0.1908995815899581,0.2196652719665272
0.1908995815899581,0.2201882845188284
0.1919456066945606,0.2201882845188284
0.1919456066945606,0.2207112970711297
0.1924686192468619,0.2207112970711297
0.1924686192468619,0.2222803347280334
0.1929916317991631,0.2222803347280334
0.1929916317991631,0.223326359832636
0.1935146443514644,0.223326359832636
0.1935146443514644,0.2238493723849372
0.1956066945606694,0.2238493723849372
0.1956066945606694,0.2243723849372385
0.1971757322175732,0.2243723849372385
0.1971757322175732,0.225418410041841
0.1982217573221757,0.225418410041841
0.1982217573221757,0.2280334728033473
0.1987447698744769,0.2280334728033473
0.1987447698744769,0.2285564853556485
0.1992677824267782,0.2285564853556485
0.1992677824267782,0.2290794979079498
0.2003138075313807,0.2290794979079498
0.2003138075313807,0.229602510460251
0.2013598326359832,0.229602510460251
0.2013598326359832,0.2306485355648535
0.205020920502092,0.2306485355648535
0.205020920502092,0.2311715481171548
0.2055439330543933,0.2311715481171548
0.2055439330543933,0.2327405857740585
0.207112970711297,0.2327405857740585
0.207112970711297,0.2337866108786611
0.2076359832635983,0.2337866108786611
0.2076359832635983,0.2353556485355648
0.2081589958158995,0.2353556485355648
0.2081589958158995,0.2369246861924686
0.2086820083682008,0.2369246861924686
0.2086820083682008,0.2374476987447698
0.2107740585774058,0.2374476987447698
0.2107740585774058,0.2384937238493724
0.2112970711297071,0.2384937238493724
0.2112970711297071,0.2390167364016736
0.2123430962343096,0.2390167364016736
0.2123430962343096,0.2400627615062761
0.2133891213389121,0.2400627615062761
0.2133891213389121,0.2411087866108786
0.2144351464435146,0.2411087866108786
0.2144351464435146,0.2421548117154811
0.2154811715481171,0.2421548117154811
0.2154811715481171,0.2426778242677824
0.2196652719665272,0.2426778242677824
0.2196652719665272,0.2432008368200836
0.2201882845188284,0.2432008368200836
0.2201882845188284,0.2447698744769874
0.2217573221757322,0.2447698744769874
0.2217573221757322,0.2463389121338912
0.2222803347280334,0.2463389121338912
0.2222803347280334,0.2473849372384937
0.223326359832636,0.2473849372384937
0.223326359832636,0.2479079497907949
0.2238493723849372,0.2479079497907949
0.2238493723849372,0.2489539748953975
0.2243723849372385,0.2489539748953975
0.2243723849372385,0.2494769874476987
0.2264644351464435,0.2494769874476987
0.2264644351464435,0.2505230125523012
0.2269874476987447,0.2505230125523012
0.2269874476987447,0.2515690376569037
0.227510460251046,0.2515690376569037
0.227510460251046,0.2526150627615063
0.2280334728033473,0.2526150627615063
0.2280334728033473,0.2531380753138075
0.2290794979079498,0.2531380753138075
0.2290794979079498,0.2536610878661088
0.2301255230125523,0.2536610878661088
0.2301255230125523,0.25418410041841
0.2311715481171548,0.25418410041841
0.2311715481171548,0.256276150627615
0.231694560669456,0.256276150627615
0.231694560669456,0.2567991631799163
0.2332635983263598,0.2567991631799163
0.2332635983263598,0.2594142259414226
0.2348326359832636,0.2594142259414226
0.2348326359832636,0.2599372384937238
0.2353556485355648,0.2599372384937238
0.2353556485355648,0.2604602510460251
0.2358786610878661,0.2604602510460251
0.2358786610878661,0.2615062761506276
0.2369246861924686,0.2615062761506276
0.2369246861924686,0.2620292887029288
0.2374476987447698,0.2620292887029288
0.2374476987447698,0.2625523012552301
0.2395397489539749,0.2625523012552301
0.2395397489539749,0.2630753138075314
0.2400627615062761,0.2630753138075314
0.2400627615062761,0.2641213389121339
0.2416317991631799,0.2641213389121339
0.2416317991631799,0.2646443514644351
0.2421548117154811,0.2646443514644351
0.2421548117154811,0.2651673640167364
0.2432008368200836,0.2651673640167364
0.2432008368200836,0.2662133891213389
0.2458158995815899,0.2662133891213389
0.2458158995815899,0.2667364016736401
0.2463389121338912,0.2667364016736401
0.2463389121338912,0.2703974895397489
0.2468619246861924,0.2703974895397489
0.2468619246861924,0.2714435146443514
0.2473849372384937,0.2714435146443514
0.2473849372384937,0.2719665271966527
0.2479079497907949,0.2719665271966527
0.2479079497907949,0.2724895397489539
0.2489539748953975,0.2724895397489539
0.2489539748953975,0.2740585774058577
0.2494769874476987,0.2740585774058577
0.2494769874476987,0.274581589958159
0.25,0.274581589958159
0.25,0.2756276150627615
0.2510460251046025,0.2756276150627615
0.2510460251046025,0.2777196652719665
0.2515690376569037,0.2777196652719665
0.2515690376569037,0.2782426778242677
0.2526150627615063,0.2782426778242677
0.2526150627615063,0.278765690376569
0.2536610878661088,0.278765690376569
0.2536610878661088,0.2798117154811715
0.25418410041841,0.2798117154811715
0.25418410041841,0.2803347280334728
0.2547071129707113,0.2803347280334728
0.2547071129707113,0.2819037656903765
0.2573221757322175,0.2819037656903765
0.2573221757322175,0.2839958158995816
0.2583682008368201,0.2839958158995816
0.2583682008368201,0.2850418410041841
0.2588912133891213,0.2850418410041841
0.2588912133891213,0.2855648535564853
0.2604602510460251,0.2855648535564853
0.2604602510460251,0.2876569037656903
0.2630753138075314,0.2876569037656903
0.2630753138075314,0.2887029288702928
0.2656903765690376,0.2887029288702928
0.2656903765690376,0.2902719665271966
0.2662133891213389,0.2902719665271966
0.2662133891213389,0.2907949790794979
0.2667364016736401,0.2907949790794979
0.2667364016736401,0.2913179916317991
0.2672594142259414,0.2913179916317991
0.2672594142259414,0.2918410041841004
0.2677824267782426,0.2918410041841004
0.2677824267782426,0.2923640167364016
0.2683054393305439,0.2923640167364016
0.2683054393305439,0.2949790794979079
0.2698744769874477,0.2949790794979079
0.2698744769874477,0.2960251046025104
0.2703974895397489,0.2960251046025104
0.2703974895397489,0.2965481171548117
0.2724895397489539,0.2965481171548117
0.2724895397489539,0.2981171548117154
0.2730125523012552,0.2981171548117154
0.2730125523012552,0.2991631799163179
0.2735355648535565,0.2991631799163179
0.2735355648535565,0.3002092050209205
0.2751046025104602,0.3002092050209205
0.2751046025104602,0.3007322175732217
0.2771966527196652,0.3007322175732217
0.2771966527196652,0.3017782426778242
0.2777196652719665,0.3017782426778242
0.2777196652719665,0.3038702928870292
0.2782426778242677,0.3038702928870292
0.2782426778242677,0.3043933054393305
0.2792887029288703,0.3043933054393305
0.2792887029288703,0.3059623430962343
0.2798117154811715,0.3059623430962343
0.2798117154811715,0.3064853556485356
0.2803347280334728,0.3064853556485356
0.2803347280334728,0.3070083682008368
0.280857740585774,0.3070083682008368
0.280857740585774,0.3080543933054393
0.2813807531380753,0.3080543933054393
0.2813807531380753,0.3101464435146444
0.2819037656903765,0.3101464435146444
0.2819037656903765,0.3106694560669456
0.2824267782426778,0.3106694560669456
0.2824267782426778,0.3111924686192469
0.2834728033472803,0.3111924686192469
0.2834728033472803,0.3122384937238494
0.2839958158995816,0.3122384937238494
0.2839958158995816,0.3127615062761506
0.2850418410041841,0.3127615062761506
0.2850418410041841,0.3138075313807531
0.2866108786610878,0.3138075313807531
0.2866108786610878,0.3143305439330544
0.2887029288702928,0.3143305439330544
0.2887029288702928,0.3148535564853556
0.2892259414225941,0.3148535564853556
0.2892259414225941,0.3158995815899582
0.2897489539748954,0.3158995815899582
0.2897489539748954,0.3174686192468619
0.2902719665271966,0.3174686192468619
0.2902719665271966,0.3200836820083682
0.2918410041841004,0.3200836820083682
0.2918410041841004,0.3206066945606695
0.2939330543933054,0.3206066945606695
0.2939330543933054,0.3211297071129707
0.2955020920502092,0.3211297071129707
0.2955020920502092,0.3226987447698745
0.2960251046025104,0.3226987447698745
0.2960251046025104,0.323744769874477
0.2965481171548117,0.323744769874477
0.2965481171548117,0.3247907949790795
0.2970711297071129,0.3247907949790795
0.2970711297071129,0.325836820083682
0.2981171548117154,0.325836820083682
0.2981171548117154,0.3263598326359833
0.2986401673640167,0.3263598326359833
0.2986401673640167,0.3268828451882845
0.2996861924686193,0.3268828451882845
0.2996861924686193,0.327928870292887
0.3017782426778242,0.327928870292887
0.3017782426778242,0.3284518828451883
0.3038702928870292,0.3284518828451883
0.3038702928870292,0.3289748953974895
0.3049163179916318,0.3289748953974895
0.3049163179916318,0.3305439330543933
0.3054393305439331,0.3305439330543933
0.3054393305439331,0.3315899581589958
0.3075313807531381,0.3315899581589958
0.3075313807531381,0.3331589958158996
0.3080543933054393,0.3331589958158996
0.3080543933054393,0.3336820083682008
0.309623430962343,0.3336820083682008
0.309623430962343,0.3342050209205021
0.3117154811715481,0.3342050209205021
0.3117154811715481,0.3347280334728033
0.3127615062761506,0.3347280334728033
0.3127615062761506,0.3368200836820084
0.3148535564853556,0.3368200836820084
0.3148535564853556,0.3378661087866109
0.3153765690376569,0.3378661087866109
0.3153765690376569,0.3389121338912134
0.3164225941422594,0.3389121338912134
0.3164225941422594,0.3394351464435146
0.3174686192468619,0.3394351464435146
0.3174686192468619,0.3399581589958159
0.3179916317991632,0.3399581589958159
0.3179916317991632,0.3404811715481171
0.3206066945606695,0.3404811715481171
0.3206066945606695,0.3410041841004184
0.321652719665272,0.3410041841004184
0.321652719665272,0.3415271966527197
0.3232217573221757,0.3415271966527197
0.3232217573221757,0.3420502092050209
0.323744769874477,0.3420502092050209
0.323744769874477,0.3430962343096234
0.3242677824267782,0.3430962343096234
0.3242677824267782,0.3436192468619247
0.325836820083682,0.3436192468619247
0.325836820083682,0.3441422594142259
0.3263598326359833,0.3441422594142259
0.3263598326359833,0.3457112970711297
0.3274058577405858,0.3457112970711297
0.3274058577405858,0.3467573221757322
0.327928870292887,0.3467573221757322
0.327928870292887,0.3472803347280335
0.3294979079497908,0.3472803347280335
0.3294979079497908,0.3478033472803347
0.330020920502092,0.3478033472803347
0.330020920502092,0.348326359832636
0.3310669456066946,0.348326359832636
0.3310669456066946,0.3509414225941422
0.3331589958158996,0.3509414225941422
0.3331589958158996,0.3519874476987448
0.3342050209205021,0.3519874476987448
0.3342050209205021,0.3530334728033473
0.3368200836820084,0.3530334728033473
0.3368200836820084,0.3535564853556485
0.3373430962343096,0.3535564853556485
0.3373430962343096,0.3540794979079498
0.3378661087866109,0.3540794979079498
0.3378661087866109,0.354602510460251
0.3383891213389121,0.354602510460251
0.3383891213389121,0.3556485355648535
0.3394351464435146,0.3556485355648535
0.3394351464435146,0.356694560669456
0.3399581589958159,0.356694560669456
0.3399581589958159,0.3587866108786611
0.3404811715481171,0.3587866108786611
0.3404811715481171,0.3593096234309623
0.3415271966527197,0.3593096234309623
0.3415271966527197,0.3614016736401673
0.3420502092050209,0.3614016736401673
0.3420502092050209,0.3624476987447699
0.3436192468619247,0.3624476987447699
0.3436192468619247,0.3629707112970711
0.3446652719665272,0.3629707112970711
0.3446652719665272,0.3640167364016736
0.3451882845188284,0.3640167364016736
0.3451882845188284,0.3655857740585774
0.3462343096234309,0.3655857740585774
0.3462343096234309,0.3661087866108786
0.348326359832636,0.3661087866108786
0.348326359832636,0.3671548117154811
0.3488493723849372,0.3671548117154811
0.3488493723849372,0.3676778242677824
0.3493723849372385,0.3676778242677824
0.3493723849372385,0.3697698744769874
0.3498953974895397,0.3697698744769874
0.3498953974895397,0.3708158995815899
0.350418410041841,0.3708158995815899
0.350418410041841,0.372907949790795
0.3509414225941422,0.372907949790795
0.3509414225941422,0.3734309623430962
0.3514644351464435,0.3734309623430962
0.3514644351464435,0.3760460251046025
0.3530334728033473,0.3760460251046025
0.3530334728033473,0.37918410041841
0.3535564853556485,0.37918410041841
0.3535564853556485,0.3797071129707113
0.3561715481171548,0.3797071129707113
0.3561715481171548,0.3802301255230125
0.356694560669456,0.3802301255230125
0.356694560669456,0.381276150627615
0.3582635983263598,0.381276150627615
0.3582635983263598,0.3833682008368201
0.3593096234309623,0.3833682008368201
0.3593096234309623,0.3838912133891213
0.3603556485355648,0.3838912133891213
0.3603556485355648,0.3844142259414226
0.3619246861924686,0.3844142259414226
0.3619246861924686,0.3849372384937238
0.3624476987447699,0.3849372384937238
0.3624476987447699,0.3854602510460251
0.3645397489539749,0.3854602510460251
0.3645397489539749,0.3865062761506276
0.3655857740585774,0.3865062761506276
0.3655857740585774,0.3875523012552301
0.3666317991631799,0.3875523012552301
0.3666317991631799,0.3885983263598326
0.3676778242677824,0.3885983263598326
0.3676778242677824,0.3906903765690376
0.3682008368200837,0.3906903765690376
0.3682008368200837,0.3917364016736401
0.3708158995815899,0.3917364016736401
0.3708158995815899,0.3922594142259414
0.3723849372384937,0.3922594142259414
0.3723849372384937,0.3938284518828452
0.3739539748953975,0.3938284518828452
0.3739539748953975,0.3948744769874477
0.3744769874476987,0.3948744769874477
0.3744769874476987,0.3959205020920502
0.3760460251046025,0.3959205020920502
0.3760460251046025,0.3974895397489539
0.3765690376569037,0.3974895397489539
0.3765690376569037,0.399581589958159
0.377092050209205,0.399581589958159
0.377092050209205,0.4006276150627615
0.3776150627615063,0.4006276150627615
0.3776150627615063,0.4011506276150627
0.3781380753138075,0.4011506276150627
0.3781380753138075,0.4027196652719665
0.37918410041841,0.4027196652719665
0.37918410041841,0.403765690376569
0.3797071129707113,0.403765690376569
0.3797071129707113,0.4069037656903765
0.3802301255230125,0.4069037656903765
0.3802301255230125,0.407949790794979
0.3817991631799163,0.407949790794979
0.3817991631799163,0.4095188284518828
0.3823221757322175,0.4095188284518828
0.3823221757322175,0.4100418410041841
0.3838912133891213,0.4100418410041841
0.3838912133891213,0.4137029288702928
0.3849372384937238,0.4137029288702928
0.3849372384937238,0.4147489539748954
0.3859832635983263,0.4147489539748954
0.3859832635983263,0.4152719665271966
0.3870292887029288,0.4152719665271966
0.3870292887029288,0.4157949790794979
0.3885983263598326,0.4157949790794979
0.3885983263598326,0.4168410041841004
0.3891213389121339,0.4168410041841004
0.3891213389121339,0.4173640167364016
0.3906903765690376,0.4173640167364016
0.3906903765690376,0.4178870292887029
0.3912133891213389,0.4178870292887029
0.3912133891213389,0.4184100418410041
0.3917364016736401,0.4184100418410041
0.3917364016736401,0.4194560669456067
0.3927824267782426,0.4194560669456067
0.3927824267782426,0.4220711297071129
0.3953974895397489,0.4220711297071129
0.3953974895397489,0.4231171548117154
0.3959205020920502,0.4231171548117154
0.3959205020920502,0.4241631799163179
0.3964435146443514,0.4241631799163179
0.3964435146443514,0.4252092050209205
0.3985355648535565,0.4252092050209205
0.3985355648535565,0.4257322175732217
0.4001046025104602,0.4257322175732217
0.4001046025104602,0.4278242677824267
0.4042887029288703,0.4278242677824267
0.4042887029288703,0.428347280334728
0.405857740585774,0.428347280334728
0.405857740585774,0.4288702928870292
0.4063807531380753,0.4288702928870292
0.4063807531380753,0.4293933054393305
0.4074267782426778,0.4293933054393305
0.4074267782426778,0.4299163179916318
0.4100418410041841,0.4299163179916318
0.4100418410041841,0.4309623430962343
0.4105648535564853,0.4309623430962343
0.4105648535564853,0.4330543933054393
0.4116108786610878,0.4330543933054393
0.4116108786610878,0.4335774058577405
0.4121338912133891,0.4335774058577405
0.4121338912133891,0.4356694560669456
0.4131799163179916,0.4356694560669456
0.4131799163179916,0.4372384937238494
0.4168410041841004,0.4372384937238494
0.4168410041841004,0.4382845188284519
0.4173640167364016,0.4382845188284519
0.4173640167364016,0.4388075313807531
0.4184100418410041,0.4388075313807531
0.4184100418410041,0.4398535564853556
0.4199790794979079,0.4398535564853556
0.4199790794979079,0.4408995815899582
0.4210251046025104,0.4408995815899582
0.4210251046025104,0.4414225941422594
0.4215481171548117,0.4414225941422594
0.4215481171548117,0.4419456066945607
0.4220711297071129,0.4419456066945607
0.4220711297071129,0.4445606694560669
0.4225941422594142,0.4445606694560669
0.4225941422594142,0.446652719665272
0.4231171548117154,0.446652719665272
0.4231171548117154,0.4471757322175732
0.4236401673640167,0.4471757322175732
0.4236401673640167,0.448744769874477
0.4257322175732217,0.448744769874477
0.4257322175732217,0.4492677824267782
0.4267782426778242,0.4492677824267782
0.4267782426778242,0.4497907949790795
0.428347280334728,0.4497907949790795
0.428347280334728,0.4503138075313807
0.4288702928870292,0.4503138075313807
0.4288702928870292,0.450836820083682
0.4293933054393305,0.450836820083682
0.4293933054393305,0.4513598326359833
0.4299163179916318,0.4513598326359833
0.4299163179916318,0.4539748953974895
0.4304393305439331,0.4539748953974895
0.4304393305439331,0.4544979079497908
0.4320083682008368,0.4544979079497908
0.4320083682008368,0.455020920502092
0.4325313807531381,0.455020920502092
0.4325313807531381,0.4555439330543933
0.4335774058577405,0.4555439330543933
0.4335774058577405,0.4581589958158996
0.4341004184100418,0.4581589958158996
0.4341004184100418,0.4586820083682008
0.4351464435146444,0.4586820083682008
0.4351464435146444,0.4592050209205021
0.4356694560669456,0.4592050209205021
0.4356694560669456,0.4597280334728033
0.4361924686192469,0.4597280334728033
0.4361924686192469,0.4602510460251046
0.4382845188284519,0.4602510460251046
0.4382845188284519,0.4607740585774058
0.4393305439330544,0.4607740585774058
0.4393305439330544,0.4612970711297071
0.4403765690376569,0.4612970711297071
0.4403765690376569,0.4623430962343096
0.4424686192468619,0.4623430962343096
0.4424686192468619,0.4628661087866109
0.4456066945606695,0.4628661087866109
0.4456066945606695,0.4639121338912134
0.4461297071129707,0.4639121338912134
0.4461297071129707,0.4644351464435146
0.4471757322175732,0.4644351464435146
0.4471757322175732,0.4660041841004184
0.4476987447698745,0.4660041841004184
0.4476987447698745,0.4670502092050209
0.448744769874477,0.4670502092050209
0.448744769874477,0.4675732217573222
0.4492677824267782,0.4675732217573222
0.4492677824267782,0.4680962343096234
0.4503138075313807,0.4680962343096234
0.4503138075313807,0.4696652719665272
0.450836820083682,0.4696652719665272
0.450836820083682,0.4707112970711297
0.4544979079497908,0.4707112970711297
0.4544979079497908,0.473326359832636
0.4560669456066946,0.473326359832636
0.4560669456066946,0.4738493723849372
0.4576359832635983,0.4738493723849372
0.4576359832635983,0.4748953974895397
0.4581589958158996,0.4748953974895397
0.4581589958158996,0.475418410041841
0.4586820083682008,0.475418410041841
0.4586820083682008,0.4769874476987448
0.4597280334728033,0.4769874476987448
0.4597280334728033,0.477510460251046
0.4602510460251046,0.477510460251046
0.4602510460251046,0.479602510460251
0.4618200836820084,0.479602510460251
0.4618200836820084,0.4801255230125523
0.4623430962343096,0.4801255230125523
0.4623430962343096,0.4806485355648535
0.4628661087866109,0.4806485355648535
0.4628661087866109,0.4822175732217573
0.4639121338912134,0.4822175732217573
0.4639121338912134,0.4832635983263598
0.4649581589958159,0.4832635983263598
0.4649581589958159,0.4858786610878661
0.4660041841004184,0.4858786610878661
0.4660041841004184,0.4864016736401673
0.4665271966527197,0.4864016736401673
0.4665271966527197,0.4869246861924686
0.4686192468619247,0.4869246861924686
0.4686192468619247,0.4895397489539749
0.4691422594142259,0.4895397489539749
0.4691422594142259,0.4905857740585774
0.4696652719665272,0.4905857740585774
0.4696652719665272,0.4911087866108786
0.4707112970711297,0.4911087866108786
0.4707112970711297,0.4921548117154811
0.4712343096234309,0.4921548117154811
0.4712343096234309,0.4926778242677824
0.4717573221757322,0.4926778242677824
0.4717573221757322,0.4947698744769874
0.4728033472803347,0.4947698744769874
0.4728033472803347,0.4958158995815899
0.473326359832636,0.4958158995815899
0.473326359832636,0.4963389121338912
0.4748953974895397,0.4963389121338912
0.4748953974895397,0.4968619246861924
0.4759414225941422,0.4968619246861924
0.4759414225941422,0.4989539748953975
0.4769874476987448,0.4989539748953975
0.4769874476987448,0.4994769874476987
0.477510460251046,0.4994769874476987
0.477510460251046,0.5
0.4790794979079498,0.5
0.4790794979079498,0.502092050209205
0.4801255230125523,0.502092050209205
0.4801255230125523,0.5026150627615062
0.481694560669456,0.5026150627615062
0.481694560669456,0.5031380753138075
0.4822175732217573,0.5031380753138075
0.4822175732217573,0.5036610878661087
0.4832635983263598,0.5036610878661087
0.4832635983263598,0.5047071129707112
0.4848326359832636,0.5047071129707112
0.4848326359832636,0.5052301255230126
0.4874476987447699,0.5052301255230126
0.4874476987447699,0.5057531380753139
0.4879707112970711,0.5057531380753139
0.4879707112970711,0.5062761506276151
0.4884937238493724,0.5062761506276151
0.4884937238493724,0.5067991631799164
0.4890167364016736,0.5067991631799164
0.4890167364016736,0.5073221757322176
0.4895397489539749,0.5073221757322176
0.4895397489539749,0.5078451882845189
0.4905857740585774,0.5078451882845189
0.4905857740585774,0.5083682008368201
0.4911087866108786,0.5083682008368201
0.4911087866108786,0.5088912133891214
0.4937238493723849,0.5088912133891214
0.4937238493723849,0.5104602510460251
0.4942468619246862,0.5104602510460251
0.4942468619246862,0.5115062761506276
0.4952928870292887,0.5115062761506276
0.4952928870292887,0.5130753138075314
0.4968619246861924,0.5130753138075314
0.4968619246861924,0.5141213389121339
0.497907949790795,0.5141213389121339
0.497907949790795,0.516213389121339
0.4994769874476987,0.516213389121339
0.4994769874476987,0.5172594142259415
0.5015690376569037,0.5172594142259415
0.5015690376569037,0.518305439330544
0.502092050209205,0.518305439330544
0.502092050209205,0.5193514644351465
0.5026150627615062,0.5193514644351465
0.5026150627615062,0.5209205020920502
0.5031380753138075,0.5209205020920502
0.5031380753138075,0.5214435146443515
0.5036610878661087,0.5214435146443515
0.5036610878661087,0.5219665271966527
0.50418410041841,0.5219665271966527
0.50418410041841,0.5235355648535565
0.5047071129707112,0.5235355648535565
0.5047071129707112,0.524581589958159
0.5062761506276151,0.524581589958159
0.5062761506276151,0.5251046025104602
0.5067991631799164,0.5251046025104602
0.5067991631799164,0.5261506276150628
0.5073221757322176,0.5261506276150628
0.5073221757322176,0.5271966527196653
0.5099372384937239,0.5271966527196653
0.5099372384937239,0.5287656903765691
0.5109832635983264,0.5287656903765691
0.5109832635983264,0.5292887029288703
0.5120292887029289,0.5292887029288703
0.5120292887029289,0.5298117154811716
0.5125523012552301,0.5298117154811716
0.5125523012552301,0.5308577405857741
0.5151673640167364,0.5308577405857741
0.5151673640167364,0.5313807531380753
0.5198744769874477,0.5313807531380753
0.5198744769874477,0.5329497907949791
0.520397489539749,0.5329497907949791
0.520397489539749,0.5334728033472803
0.5209205020920502,0.5334728033472803
0.5209205020920502,0.5350418410041841
0.5214435146443515,0.5350418410041841
0.5214435146443515,0.5355648535564853
0.5219665271966527,0.5355648535564853
0.5219665271966527,0.5366108786610879
0.5235355648535565,0.5366108786610879
0.5235355648535565,0.5371338912133892
0.5240585774058577,0.5371338912133892
0.5240585774058577,0.5376569037656904
0.5251046025104602,0.5376569037656904
0.5251046025104602,0.5387029288702929
0.5256276150627615,0.5387029288702929
0.5256276150627615,0.5392259414225942
0.5266736401673641,0.5392259414225942
0.5266736401673641,0.5397489539748954
0.5271966527196653,0.5397489539748954
0.5271966527196653,0.5407949790794979
0.5277196652719666,0.5407949790794979
0.5277196652719666,0.5418410041841004
0.5287656903765691,0.5418410041841004
0.5287656903765691,0.5423640167364017
0.5298117154811716,0.5423640167364017
0.5298117154811716,0.5428870292887029
0.5303347280334728,0.5428870292887029
0.5303347280334728,0.5434100418410042
0.5324267782426778,0.5434100418410042
0.5324267782426778,0.5439330543933054
0.5334728033472803,0.5439330543933054
0.5334728033472803,0.5444560669456067
0.5355648535564853,0.5444560669456067
0.5355648535564853,0.5449790794979079
0.5376569037656904,0.5449790794979079
0.5376569037656904,0.5460251046025104
0.5392259414225942,0.5460251046025104
0.5392259414225942,0.5465481171548117
0.5397489539748954,0.5465481171548117
0.5397489539748954,0.547071129707113
0.5418410041841004,0.547071129707113
0.5418410041841004,0.5475941422594143
0.5428870292887029,0.5475941422594143
0.5428870292887029,0.5481171548117155
0.5439330543933054,0.5481171548117155
0.5439330543933054,0.5486401673640168
0.5449790794979079,0.5486401673640168
0.5449790794979079,0.549163179916318
0.5455020920502092,0.549163179916318
0.5455020920502092,0.5507322175732218
0.5460251046025104,0.5507322175732218
0.5460251046025104,0.5523012552301255
0.547071129707113,0.5523012552301255
0.547071129707113,0.5528242677824268
0.5481171548117155,0.5528242677824268
0.5481171548117155,0.553347280334728
0.5486401673640168,0.553347280334728
0.5486401673640168,0.5549163179916318
0.5507322175732218,0.5549163179916318
0.5507322175732218,0.5559623430962343
0.551255230125523,0.5559623430962343
0.551255230125523,0.5564853556485355
0.5517782426778243,0.5564853556485355
0.5517782426778243,0.5570083682008368
0.5523012552301255,0.5570083682008368
0.5523012552301255,0.5575313807531381
0.5528242677824268,0.5575313807531381
0.5528242677824268,0.5580543933054394
0.553347280334728,0.5580543933054394
0.553347280334728,0.5591004184100419
0.5538702928870293,0.5591004184100419
0.5538702928870293,0.5606694560669456
0.5543933054393305,0.5606694560669456
0.5543933054393305,0.5611924686192469
0.555439330543933,0.5611924686192469
0.555439330543933,0.5617154811715481
0.5575313807531381,0.5617154811715481
0.5575313807531381,0.5622384937238494
0.5591004184100419,0.5622384937238494
0.5591004184100419,0.5627615062761506
0.5596234309623431,0.5627615062761506
0.5596234309623431,0.5632845188284519
0.5606694560669456,0.5632845188284519
0.5606694560669456,0.5638075313807531
0.5617154811715481,0.5638075313807531
0.5617154811715481,0.5643305439330544
0.5632845188284519,0.5643305439330544
0.5632845188284519,0.5653765690376569
0.5643305439330544,0.5653765690376569
0.5643305439330544,0.5658995815899581
0.5648535564853556,0.5658995815899581
0.5648535564853556,0.5669456066945606
0.5658995815899581,0.5669456066945606
0.5658995815899581,0.5679916317991632
0.5669456066945606,0.5679916317991632
0.5669456066945606,0.5690376569037657
0.5674686192468619,0.5690376569037657
0.5674686192468619,0.5706066945606695
0.5679916317991632,0.5706066945606695
0.5679916317991632,0.5711297071129707
0.5690376569037657,0.5711297071129707
0.5690376569037657,0.571652719665272
0.5706066945606695,0.571652719665272
0.5706066945606695,0.5721757322175732
0.5711297071129707,0.5721757322175732
0.5711297071129707,0.5726987447698745
0.571652719665272,0.5726987447698745
0.571652719665272,0.573744769874477
0.5726987447698745,0.573744769874477
0.5726987447698745,0.5742677824267782
0.573744769874477,0.5742677824267782
0.573744769874477,0.5753138075313807
0.5742677824267782,0.5753138075313807
0.5742677824267782,0.575836820083682
0.5747907949790795,0.575836820083682
0.5747907949790795,0.5763598326359832
0.5763598326359832,0.5763598326359832
0.5763598326359832,0.577928870292887
0.5784518828451883,0.577928870292887
0.5784518828451883,0.5784518828451883
0.5800209205020921,0.5784518828451883
0.5800209205020921,0.5826359832635983
0.5805439330543933,0.5826359832635983
0.5805439330543933,0.5831589958158996
0.5810669456066946,0.5831589958158996
0.5810669456066946,0.5836820083682008
0.5821129707112971,0.5836820083682008
0.5821129707112971,0.5847280334728033
0.5842050209205021,0.5847280334728033
0.5842050209205021,0.5852510460251046
0.5857740585774058,0.5852510460251046
0.5857740585774058,0.5862970711297071
0.5862970711297071,0.5862970711297071
0.5862970711297071,0.5868200836820083
0.5878661087866108,0.5868200836820083
0.5878661087866108,0.5878661087866108
0.5894351464435147,0.5878661087866108
0.5894351464435147,0.5889121338912134
0.5899581589958159,0.5889121338912134
0.5899581589958159,0.5904811715481172
0.5915271966527197,0.5904811715481172
0.5915271966527197,0.5910041841004184
0.5920502092050209,0.5910041841004184
0.5920502092050209,0.5925732217573222
0.5930962343096234,0.5925732217573222
0.5930962343096234,0.5957112970711297
0.5936192468619247,0.5957112970711297
0.5936192468619247,0.5962343096234309
0.5946652719665272,0.5962343096234309
0.5946652719665272,0.5972803347280334
0.5957112970711297,0.5972803347280334
0.5957112970711297,0.5978033472803347
0.5967573221757322,0.5978033472803347
0.5967573221757322,0.5993723849372385
0.5972803347280334,0.5993723849372385
0.5972803347280334,0.600418410041841
0.5978033472803347,0.600418410041841
0.5978033472803347,0.6009414225941423
0.5998953974895398,0.6009414225941423
0.5998953974895398,0.6014644351464435
0.6009414225941423,0.6014644351464435
0.6009414225941423,0.6019874476987448
0.6014644351464435,0.6019874476987448
0.6014644351464435,0.6030334728033473
0.602510460251046,0.6030334728033473
0.602510460251046,0.6040794979079498
0.6030334728033473,0.6040794979079498
0.6030334728033473,0.604602510460251
0.6040794979079498,0.604602510460251
0.6040794979079498,0.6061715481171548
0.6051255230125523,0.6061715481171548
0.6051255230125523,0.6072175732217573
0.6056485355648535,0.6072175732217573
0.6056485355648535,0.6077405857740585
0.6061715481171548,0.6077405857740585
0.6061715481171548,0.608786610878661
0.606694560669456,0.608786610878661
0.606694560669456,0.6108786610878661
0.6082635983263598,0.6108786610878661
0.6082635983263598,0.6114016736401674
0.6103556485355649,0.6114016736401674
0.6103556485355649,0.6119246861924686
0.6114016736401674,0.6119246861924686
0.6114016736401674,0.6140167364016736
0.6119246861924686,0.6140167364016736
0.6119246861924686,0.6145397489539749
0.6124476987447699,0.6145397489539749
0.6124476987447699,0.6150627615062761
0.6134937238493724,0.6150627615062761
0.6134937238493724,0.6166317991631799
0.6140167364016736,0.6166317991631799
0.6140167364016736,0.6171548117154811
0.6150627615062761,0.6171548117154811
0.6150627615062761,0.6187238493723849
0.6155857740585774,0.6187238493723849
0.6155857740585774,0.6197698744769874
0.6161087866108786,0.6197698744769874
0.6161087866108786,0.62081589958159
0.6166317991631799,0.62081589958159
0.6166317991631799,0.6213389121338913
0.6182008368200836,0.6213389121338913
0.6182008368200836,0.6218619246861925
0.62081589958159,0.6218619246861925
0.62081589958159,0.622907949790795
0.6223849372384938,0.622907949790795
0.6223849372384938,0.6260460251046025
0.622907949790795,0.6260460251046025
0.622907949790795,0.627092050209205
0.6234309623430963,0.627092050209205
0.6234309623430963,0.62918410041841
0.6244769874476988,0.62918410041841
0.6244769874476988,0.6297071129707112
0.625,0.6297071129707112
0.625,0.6302301255230126
0.6255230125523012,0.6302301255230126
0.6255230125523012,0.6307531380753139
0.6265690376569037,0.6307531380753139
0.6265690376569037,0.6312761506276151
0.627092050209205,0.6312761506276151
0.627092050209205,0.6317991631799164
0.6276150627615062,0.6317991631799164
0.6276150627615062,0.6323221757322176
0.6286610878661087,0.6323221757322176
0.6286610878661087,0.6328451882845189
0.6297071129707112,0.6328451882845189
0.6297071129707112,0.6365062761506276
0.6317991631799164,0.6365062761506276
0.6317991631799164,0.6370292887029289
0.6323221757322176,0.6370292887029289
0.6323221757322176,0.6375523012552301
0.6338912133891214,0.6375523012552301
0.6338912133891214,0.6380753138075314
0.6359832635983264,0.6380753138075314
0.6359832635983264,0.6385983263598326
0.6365062761506276,0.6385983263598326
0.6365062761506276,0.6391213389121339
0.6370292887029289,0.6391213389121339
0.6370292887029289,0.6396443514644351
0.6375523012552301,0.6396443514644351
0.6375523012552301,0.6401673640167364
0.6380753138075314,0.6401673640167364
0.6380753138075314,0.6406903765690377
0.6391213389121339,0.6406903765690377
0.6391213389121339,0.6438284518828452
0.6396443514644351,0.6438284518828452
0.6396443514644351,0.6443514644351465
0.6417364016736402,0.6443514644351465
0.6417364016736402,0.6448744769874477
0.6422594142259415,0.6448744769874477
0.6422594142259415,0.645397489539749
0.6443514644351465,0.645397489539749
0.6443514644351465,0.6459205020920502
0.6459205020920502,0.6459205020920502
0.6459205020920502,0.6464435146443515
0.647489539748954,0.6464435146443515
0.647489539748954,0.6480125523012552
0.6485355648535565,0.6480125523012552
0.6485355648535565,0.6485355648535565
0.649581589958159,0.6485355648535565
0.649581589958159,0.6490585774058577
0.6506276150627615,0.6490585774058577
0.6506276150627615,0.6501046025104602
0.6511506276150628,0.6501046025104602
0.6511506276150628,0.6511506276150628
0.6521966527196653,0.6511506276150628
0.6521966527196653,0.6516736401673641
0.6527196652719666,0.6516736401673641
0.6527196652719666,0.6521966527196653
0.6532426778242678,0.6521966527196653
0.6532426778242678,0.6532426778242678
0.6542887029288703,0.6532426778242678
0.6542887029288703,0.6537656903765691
0.6584728033472803,0.6537656903765691
0.6584728033472803,0.6542887029288703
0.6589958158995816,0.6542887029288703
0.6589958158995816,0.6553347280334728
0.6605648535564853,0.6553347280334728
0.6605648535564853,0.6569037656903766
0.6610878661087866,0.6569037656903766
0.6610878661087866,0.6574267782426778
0.6637029288702929,0.6574267782426778
0.6637029288702929,0.6589958158995816
0.6642259414225942,0.6589958158995816
0.6642259414225942,0.6600418410041841
0.6652719665271967,0.6600418410041841
0.6652719665271967,0.6605648535564853
0.6657949790794979,0.6605648535564853
0.6657949790794979,0.6616108786610879
0.6684100418410042,0.6616108786610879
0.6684100418410042,0.6657949790794979
0.6694560669456067,0.6657949790794979
0.6694560669456067,0.6663179916317992
0.6705020920502092,0.6663179916317992
0.6705020920502092,0.6673640167364017
0.6715481171548117,0.6673640167364017
0.6715481171548117,0.6684100418410042
0.6725941422594143,0.6684100418410042
0.6725941422594143,0.6689330543933054
0.6736401673640168,0.6689330543933054
0.6736401673640168,0.6694560669456067
0.6746861924686193,0.6694560669456067
0.6746861924686193,0.6699790794979079
0.6752092050209205,0.6699790794979079
0.6752092050209205,0.6705020920502092
0.6757322175732218,0.6705020920502092
0.6757322175732218,0.6715481171548117
0.6767782426778243,0.6715481171548117
0.6767782426778243,0.672071129707113
0.6773012552301255,0.672071129707113
0.6773012552301255,0.6731171548117155
0.6793933054393305,0.6731171548117155
0.6793933054393305,0.6736401673640168
0.6799163179916318,0.6736401673640168
0.6799163179916318,0.6752092050209205
0.6809623430962343,0.6752092050209205
0.6809623430962343,0.6773012552301255
0.6820083682008368,0.6773012552301255
0.6820083682008368,0.6778242677824268
0.6830543933054394,0.6778242677824268
0.6830543933054394,0.678347280334728
0.6856694560669456,0.678347280334728
0.6856694560669456,0.6793933054393305
0.6861924686192469,0.6793933054393305
0.6861924686192469,0.6809623430962343
0.6867154811715481,0.6809623430962343
0.6867154811715481,0.6814853556485355
0.6872384937238494,0.6814853556485355
0.6872384937238494,0.6820083682008368
0.6877615062761506,0.6820083682008368
0.6877615062761506,0.6825313807531381
0.6882845188284519,0.6825313807531381
0.6882845188284519,0.6851464435146444
0.6903765690376569,0.6851464435146444
0.6903765690376569,0.6882845188284519
0.6924686192468619,0.6882845188284519
0.6924686192468619,0.6888075313807531
0.6929916317991632,0.6888075313807531
0.6929916317991632,0.6908995815899581
0.6940376569037657,0.6908995815899581
0.6940376569037657,0.6914225941422594
0.694560669456067,0.6914225941422594
0.694560669456067,0.6924686192468619
0.6950836820083682,0.6924686192468619
0.6950836820083682,0.6929916317991632
0.6956066945606695,0.6929916317991632
0.6956066945606695,0.6935146443514645
0.6961297071129707,0.6935146443514645
0.6961297071129707,0.6940376569037657
0.6971757322175732,0.6940376569037657
0.6971757322175732,0.694560669456067
0.6976987447698745,0.694560669456067
0.6976987447698745,0.6950836820083682
0.6982217573221757,0.6950836820083682
0.6982217573221757,0.6971757322175732
0.698744769874477,0.6971757322175732
0.698744769874477,0.6976987447698745
0.6992677824267782,0.6976987447698745
0.6992677824267782,0.6992677824267782
0.700836820083682,0.6992677824267782
0.700836820083682,0.6997907949790795
0.7039748953974896,0.6997907949790795
0.7039748953974896,0.7003138075313807
0.7050209205020921,0.7003138075313807
0.7050209205020921,0.7044979079497908
0.7065899581589958,0.7044979079497908
0.7065899581589958,0.7055439330543933
0.7071129707112971,0.7055439330543933
0.7071129707112971,0.7065899581589958
0.7081589958158996,0.7065899581589958
0.7081589958158996,0.7071129707112971
0.7086820083682008,0.7071129707112971
0.7086820083682008,0.7076359832635983
0.7092050209205021,0.7076359832635983
0.7092050209205021,0.7086820083682008
0.7102510460251046,0.7086820083682008
0.7102510460251046,0.7092050209205021
0.7107740585774058,0.7092050209205021
0.7107740585774058,0.7139121338912134
0.7112970711297071,0.7139121338912134
0.7112970711297071,0.7144351464435147
0.7154811715481172,0.7144351464435147
0.7154811715481172,0.7149581589958159
0.7160041841004184,0.7149581589958159
0.7160041841004184,0.7154811715481172
0.7165271966527197,0.7154811715481172
0.7165271966527197,0.7175732217573222
0.7180962343096234,0.7175732217573222
0.7180962343096234,0.7186192468619247
0.7201882845188284,0.7186192468619247
0.7201882845188284,0.7196652719665272
0.7212343096234309,0.7196652719665272
0.7212343096234309,0.7201882845188284
0.7222803347280334,0.7201882845188284
0.7222803347280334,0.7207112970711297
0.7233263598326359,0.7207112970711297
0.7233263598326359,0.7212343096234309
0.7248953974895398,0.7212343096234309
0.7248953974895398,0.7233263598326359
0.725418410041841,0.7233263598326359
0.725418410041841,0.7238493723849372
0.7264644351464435,0.7238493723849372
0.7264644351464435,0.7243723849372385
0.7280334728033473,0.7243723849372385
0.7280334728033473,0.7248953974895398
0.7290794979079498,0.7248953974895398
0.7290794979079498,0.7264644351464435
0.7306485355648535,0.7264644351464435
0.7306485355648535,0.7280334728033473
0.7311715481171548,0.7280334728033473
0.7311715481171548,0.7285564853556485
0.7322175732217573,0.7285564853556485
0.7322175732217573,0.729602510460251
0.7327405857740585,0.729602510460251
0.7327405857740585,0.7301255230125523
0.7332635983263598,0.7301255230125523
0.7332635983263598,0.7306485355648535
0.7343096234309623,0.7306485355648535
0.7343096234309623,0.731694560669456
0.7353556485355649,0.731694560669456
0.7353556485355649,0.7327405857740585
0.7358786610878661,0.7327405857740585
0.7358786610878661,0.733786610878661
0.7364016736401674,0.733786610878661
0.7364016736401674,0.7343096234309623
0.7369246861924686,0.7343096234309623
0.7369246861924686,0.7358786610878661
0.7374476987447699,0.7358786610878661
0.7374476987447699,0.7374476987447699
0.7379707112970711,0.7374476987447699
0.7379707112970711,0.7384937238493724
0.7400627615062761,0.7384937238493724
0.7400627615062761,0.7395397489539749
0.7405857740585774,0.7395397489539749
0.7405857740585774,0.7400627615062761
0.7411087866108786,0.7400627615062761
0.7411087866108786,0.7426778242677824
0.7416317991631799,0.7426778242677824
0.7416317991631799,0.7437238493723849
0.7426778242677824,0.7437238493723849
0.7426778242677824,0.74581589958159
0.74581589958159,0.74581589958159
0.74581589958159,0.7463389121338913
0.7484309623430963,0.7463389121338913
0.7484309623430963,0.7484309623430963
0.7489539748953975,0.7484309623430963
0.7489539748953975,0.75
0.75,0.75
0.75,0.7505230125523012
0.7515690376569037,0.7505230125523012
0.7515690376569037,0.7515690376569037
0.7531380753138075,0.7515690376569037
0.7531380753138075,0.7526150627615062
0.7547071129707112,0.7526150627615062
0.7547071129707112,0.7531380753138075
0.7557531380753139,0.7531380753138075
0.7557531380753139,0.75418410041841
0.7562761506276151,0.75418410041841
0.7562761506276151,0.7552301255230126
0.7567991631799164,0.7552301255230126
0.7567991631799164,0.7562761506276151
0.7573221757322176,0.7562761506276151
0.7573221757322176,0.7567991631799164
0.7578451882845189,0.7567991631799164
0.7578451882845189,0.7583682008368201
0.7594142259414226,0.7583682008368201
0.7594142259414226,0.7588912133891214
0.7604602510460251,0.7588912133891214
0.7604602510460251,0.7594142259414226
0.7609832635983264,0.7594142259414226
0.7609832635983264,0.7630753138075314
0.7615062761506276,0.7630753138075314
0.7615062761506276,0.7635983263598326
0.7620292887029289,0.7635983263598326
0.7620292887029289,0.7651673640167364
0.7625523012552301,0.7651673640167364
0.7625523012552301,0.7656903765690377
0.7635983263598326,0.7656903765690377
0.7635983263598326,0.766213389121339
0.7646443514644351,0.766213389121339
0.7646443514644351,0.7672594142259415
0.7651673640167364,0.7672594142259415
0.7651673640167364,0.770397489539749
0.7656903765690377,0.770397489539749
0.7656903765690377,0.7709205020920502
0.7667364016736402,0.7709205020920502
0.7667364016736402,0.7714435146443515
0.7688284518828452,0.7714435146443515
0.7688284518828452,0.7730125523012552
0.770397489539749,0.7730125523012552
0.770397489539749,0.7735355648535565
0.772489539748954,0.7735355648535565
0.772489539748954,0.774581589958159
0.7735355648535565,0.774581589958159
0.7735355648535565,0.7756276150627615
0.7751046025104602,0.7756276150627615
0.7751046025104602,0.7771966527196653
0.7756276150627615,0.7771966527196653
0.7756276150627615,0.7777196652719666
0.7761506276150628,0.7777196652719666
0.7761506276150628,0.7782426778242678
0.7771966527196653,0.7782426778242678
0.7771966527196653,0.7787656903765691
0.7798117154811716,0.7787656903765691
0.7798117154811716,0.7792887029288703
0.7813807531380753,0.7792887029288703
0.7813807531380753,0.7798117154811716
0.7819037656903766,0.7798117154811716
0.7819037656903766,0.7808577405857741
0.7824267782426778,0.7808577405857741
0.7824267782426778,0.7813807531380753
0.7834728033472803,0.7813807531380753
0.7834728033472803,0.7829497907949791
0.7850418410041841,0.7829497907949791
0.7850418410041841,0.7834728033472803
0.7876569037656904,0.7834728033472803
0.7876569037656904,0.7839958158995816
0.7881799163179917,0.7839958158995816
0.7881799163179917,0.7850418410041841
0.7887029288702929,0.7850418410041841
0.7887029288702929,0.7866108786610879
0.7892259414225942,0.7866108786610879
0.7892259414225942,0.7871338912133892
0.7913179916317992,0.7871338912133892
0.7913179916317992,0.7881799163179917
0.7918410041841004,0.7881799163179917
0.7918410041841004,0.7913179916317992
0.7928870292887029,0.7913179916317992
0.7928870292887029,0.7918410041841004
0.7949790794979079,0.7918410041841004
0.7949790794979079,0.7939330543933054
0.7965481171548117,0.7939330543933054
0.7965481171548117,0.7955020920502092
0.797071129707113,0.7955020920502092
0.797071129707113,0.797071129707113
0.8002092050209205,0.797071129707113
0.8002092050209205,0.7986401673640168
0.8023012552301255,0.7986401673640168
0.8023012552301255,0.7996861924686193
0.8028242677824268,0.7996861924686193
0.8028242677824268,0.8007322175732218
0.803347280334728,0.8007322175732218
0.803347280334728,0.801255230125523
0.8043933054393305,0.801255230125523
0.8043933054393305,0.8017782426778243
0.8049163179916318,0.8017782426778243
0.8049163179916318,0.8028242677824268
0.8070083682008368,0.8028242677824268
0.8070083682008368,0.8075313807531381
0.8075313807531381,0.8075313807531381
0.8075313807531381,0.8080543933054394
0.8085774058577406,0.8080543933054394
0.8085774058577406,0.8091004184100419
0.8117154811715481,0.8091004184100419
0.8117154811715481,0.8096234309623431
0.8122384937238494,0.8096234309623431
0.8122384937238494,0.8101464435146444
0.8132845188284519,0.8101464435146444
0.8132845188284519,0.8111924686192469
0.8138075313807531,0.8111924686192469
0.8138075313807531,0.8127615062761506
0.8148535564853556,0.8127615062761506
0.8148535564853556,0.8132845188284519
0.8153765690376569,0.8132845188284519
0.8153765690376569,0.8143305439330544
0.8158995815899581,0.8143305439330544
0.8158995815899581,0.8158995815899581
0.8164225941422594,0.8158995815899581
0.8164225941422594,0.8169456066945606
0.8174686192468619,0.8169456066945606
0.8174686192468619,0.8174686192468619
0.8179916317991632,0.8174686192468619
0.8179916317991632,0.8179916317991632
0.8190376569037657,0.8179916317991632
0.8190376569037657,0.8190376569037657
0.8200836820083682,0.8190376569037657
0.8200836820083682,0.821652719665272
0.8206066945606695,0.821652719665272
0.8206066945606695,0.8221757322175732
0.821652719665272,0.8221757322175732
0.821652719665272,0.8226987447698745
0.8221757322175732,0.8226987447698745
0.8221757322175732,0.8232217573221757
0.823744769874477,0.8232217573221757
0.823744769874477,0.8253138075313807
0.8242677824267782,0.8253138075313807
0.8242677824267782,0.825836820083682
0.8263598326359832,0.825836820083682
0.8263598326359832,0.8268828451882845
0.8268828451882845,0.8268828451882845
0.8268828451882845,0.8274058577405857
0.8274058577405857,0.8274058577405857
0.8274058577405857,0.827928870292887
0.8294979079497908,0.827928870292887
0.8294979079497908,0.8289748953974896
0.8300209205020921,0.8289748953974896
0.8300209205020921,0.8294979079497908
0.8305439330543933,0.8294979079497908
0.8305439330543933,0.8300209205020921
0.8310669456066946,0.8300209205020921
0.8310669456066946,0.8305439330543933
0.8326359832635983,0.8305439330543933
0.8326359832635983,0.8315899581589958
0.8357740585774058,0.8315899581589958
0.8357740585774058,0.8326359832635983
0.8362970711297071,0.8326359832635983
0.8362970711297071,0.8331589958158996
0.8368200836820083,0.8331589958158996
0.8368200836820083,0.8336820083682008
0.8399581589958159,0.8336820083682008
0.8399581589958159,0.8352510460251046
0.8415271966527197,0.8352510460251046
0.8415271966527197,0.8357740585774058
0.8425732217573222,0.8357740585774058
0.8425732217573222,0.8368200836820083
0.8436192468619247,0.8368200836820083
0.8436192468619247,0.8378661087866108
0.8446652719665272,0.8378661087866108
0.8446652719665272,0.8383891213389121
0.8451882845188284,0.8383891213389121
0.8451882845188284,0.8399581589958159
0.8457112970711297,0.8399581589958159
0.8457112970711297,0.8404811715481172
0.8509414225941423,0.8404811715481172
0.8509414225941423,0.8410041841004184
0.852510460251046,0.8410041841004184
0.852510460251046,0.8415271966527197
0.8530334728033473,0.8415271966527197
0.8530334728033473,0.8425732217573222
0.8535564853556485,0.8425732217573222
0.8535564853556485,0.8441422594142259
0.8551255230125523,0.8441422594142259
0.8551255230125523,0.8446652719665272
0.8561715481171548,0.8446652719665272
0.8561715481171548,0.8451882845188284
0.856694560669456,0.8451882845188284
0.856694560669456,0.8457112970711297
0.8577405857740585,0.8457112970711297
0.8577405857740585,0.8462343096234309
0.8582635983263598,0.8462343096234309
0.8582635983263598,0.8483263598326359
0.8593096234309623,0.8483263598326359
0.8593096234309623,0.8488493723849372
0.8603556485355649,0.8488493723849372
0.8603556485355649,0.8493723849372385
0.8608786610878661,0.8493723849372385
0.8608786610878661,0.8514644351464435
0.8614016736401674,0.8514644351464435
0.8614016736401674,0.8519874476987448
0.8624476987447699,0.8519874476987448
0.8624476987447699,0.852510460251046
0.8634937238493724,0.852510460251046
0.8634937238493724,0.8530334728033473
0.8645397489539749,0.8530334728033473
0.8645397489539749,0.854602510460251
0.8650627615062761,0.854602510460251
0.8650627615062761,0.856694560669456
0.8655857740585774,0.856694560669456
0.8655857740585774,0.8582635983263598
0.8661087866108786,0.8582635983263598
0.8661087866108786,0.858786610878661
0.8671548117154811,0.858786610878661
0.8671548117154811,0.8603556485355649
0.8682008368200836,0.8603556485355649
0.8682008368200836,0.8608786610878661
0.8687238493723849,0.8608786610878661
0.8687238493723849,0.8619246861924686
0.8692468619246861,0.8619246861924686
0.8692468619246861,0.8624476987447699
0.8697698744769874,0.8624476987447699
0.8697698744769874,0.8650627615062761
0.8713389121338913,0.8650627615062761
0.8713389121338913,0.8655857740585774
0.872907949790795,0.8655857740585774
0.872907949790795,0.8692468619246861
0.8739539748953975,0.8692468619246861
0.8739539748953975,0.8697698744769874
0.8755230125523012,0.8697698744769874
0.8755230125523012,0.87081589958159
0.8760460251046025,0.87081589958159
0.8760460251046025,0.8723849372384938
0.8765690376569037,0.8723849372384938
0.8765690376569037,0.872907949790795
0.877092050209205,0.872907949790795
0.877092050209205,0.8744769874476988
0.8786610878661087,0.8744769874476988
0.8786610878661087,0.8760460251046025
0.8802301255230126,0.8760460251046025
0.8802301255230126,0.8765690376569037
0.8817991631799164,0.8765690376569037
0.8817991631799164,0.8776150627615062
0.8823221757322176,0.8776150627615062
0.8823221757322176,0.8781380753138075
0.8849372384937239,0.8781380753138075
0.8849372384937239,0.8807531380753139
0.8865062761506276,0.8807531380753139
0.8865062761506276,0.8823221757322176
0.8875523012552301,0.8823221757322176
0.8875523012552301,0.8833682008368201
0.8891213389121339,0.8833682008368201
0.8891213389121339,0.8854602510460251
0.8901673640167364,0.8854602510460251
0.8901673640167364,0.8859832635983264
0.891213389121339,0.8859832635983264
0.891213389121339,0.8865062761506276
0.8927824267782427,0.8865062761506276
0.8927824267782427,0.8870292887029289
0.893305439330544,0.8870292887029289
0.893305439330544,0.8880753138075314
0.8938284518828452,0.8880753138075314
0.8938284518828452,0.8896443514644351
0.8959205020920502,0.8896443514644351
0.8959205020920502,0.8901673640167364
0.8964435146443515,0.8901673640167364
0.8964435146443515,0.8906903765690377
0.8980125523012552,0.8906903765690377
0.8980125523012552,0.8917364016736402
0.8985355648535565,0.8917364016736402
0.8985355648535565,0.8922594142259415
0.8990585774058577,0.8922594142259415
0.8990585774058577,0.893305439330544
0.899581589958159,0.893305439330544
0.899581589958159,0.8959205020920502
0.9001046025104602,0.8959205020920502
0.9001046025104602,0.8964435146443515
0.9006276150627615,0.8964435146443515
0.9006276150627615,0.8969665271966527
0.9021966527196652,0.8969665271966527
0.9021966527196652,0.8985355648535565
0.9027196652719666,0.8985355648535565
0.9027196652719666,0.8990585774058577
0.9042887029288704,0.8990585774058577
0.9042887029288704,0.899581589958159
0.9053347280334728,0.899581589958159
0.9053347280334728,0.9001046025104602
0.9079497907949792,0.9001046025104602
0.9079497907949792,0.9006276150627615
0.9084728033472804,0.9006276150627615
0.9084728033472804,0.9011506276150628
0.9089958158995816,0.9011506276150628
0.9089958158995816,0.901673640167364
0.9121338912133892,0.901673640167364
0.9121338912133892,0.9021966527196652
0.9126569037656904,0.9021966527196652
0.9126569037656904,0.9027196652719666
0.9131799163179916,0.9027196652719666
0.9131799163179916,0.9037656903765692
0.9137029288702928,0.9037656903765692
0.9137029288702928,0.905857740585774
0.9142259414225942,0.905857740585774
0.9142259414225942,0.9063807531380752
0.9147489539748954,0.9063807531380752
0.9147489539748954,0.9069037656903766
0.9152719665271968,0.9069037656903766
0.9152719665271968,0.9084728033472804
0.915794979079498,0.9084728033472804
0.915794979079498,0.9095188284518828
0.9173640167364016,0.9095188284518828
0.9173640167364016,0.9105648535564852
0.9178870292887028,0.9105648535564852
0.9178870292887028,0.9121338912133892
0.9184100418410042,0.9121338912133892
0.9184100418410042,0.9147489539748954
0.919979079497908,0.9147489539748954
0.919979079497908,0.9152719665271968
0.9225941422594144,0.9152719665271968
0.9225941422594144,0.915794979079498
0.9246861924686192,0.915794979079498
0.9246861924686192,0.9173640167364016
0.9273012552301256,0.9173640167364016
0.9273012552301256,0.9178870292887028
0.928347280334728,0.9178870292887028
0.928347280334728,0.9184100418410042
0.9299163179916318,0.9184100418410042
0.9299163179916318,0.9189330543933054
0.930439330543933,0.9189330543933054
0.930439330543933,0.9194560669456068
0.9309623430962344,0.9194560669456068
0.9309623430962344,0.922071129707113
0.9320083682008368,0.922071129707113
0.9320083682008368,0.9231171548117156
0.932531380753138,0.9231171548117156
0.932531380753138,0.924163179916318
0.9346234309623432,0.924163179916318
0.9346234309623432,0.9246861924686192
0.9351464435146444,0.9246861924686192
0.9351464435146444,0.9267782426778244
0.9356694560669456,0.9267782426778244
0.9356694560669456,0.9273012552301256
0.9372384937238494,0.9273012552301256
0.9372384937238494,0.9278242677824268
0.9377615062761506,0.9278242677824268
0.9377615062761506,0.928347280334728
0.938284518828452,0.928347280334728
0.938284518828452,0.9299163179916318
0.9388075313807532,0.9299163179916318
0.9388075313807532,0.930439330543933
0.9393305439330544,0.930439330543933
0.9393305439330544,0.9309623430962344
0.9398535564853556,0.9309623430962344
0.9398535564853556,0.9314853556485356
0.9403765690376568,0.9314853556485356
0.9403765690376568,0.9330543933054394
0.9414225941422594,0.9330543933054394
0.9414225941422594,0.9335774058577406
0.942468619246862,0.9335774058577406
0.942468619246862,0.9356694560669456
0.9429916317991632,0.9356694560669456
0.9429916317991632,0.9361924686192468
0.9435146443514644,0.9361924686192468
0.9435146443514644,0.936715481171548
0.9440376569037656,0.936715481171548
0.9440376569037656,0.938284518828452
0.944560669456067,0.938284518828452
0.944560669456067,0.9388075313807532
0.9450836820083682,0.9388075313807532
0.9450836820083682,0.9398535564853556
0.946652719665272,0.9398535564853556
0.946652719665272,0.9403765690376568
0.9492677824267782,0.9403765690376568
0.9492677824267782,0.940899581589958
0.9497907949790796,0.940899581589958
0.9497907949790796,0.9419456066945606
0.950836820083682,0.9419456066945606
0.950836820083682,0.9435146443514644
0.9513598326359832,0.9435146443514644
0.9513598326359832,0.9450836820083682
0.9518828451882844,0.9450836820083682
0.9518828451882844,0.9456066945606696
0.9524058577405856,0.9456066945606696
0.9524058577405856,0.9461297071129708
0.952928870292887,0.9461297071129708
0.952928870292887,0.948744769874477
0.9534518828451884,0.948744769874477
0.9534518828451884,0.9497907949790796
0.9539748953974896,0.9497907949790796
0.9539748953974896,0.9503138075313808
0.955020920502092,0.9503138075313808
0.955020920502092,0.950836820083682
0.9555439330543932,0.950836820083682
0.9555439330543932,0.9513598326359832
0.9565899581589958,0.9513598326359832
0.9565899581589958,0.9524058577405856
0.9581589958158996,0.9524058577405856
0.9581589958158996,0.952928870292887
0.9586820083682008,0.952928870292887
0.9586820083682008,0.9534518828451884
0.9607740585774058,0.9534518828451884
0.9607740585774058,0.9544979079497908
0.9612970711297072,0.9544979079497908
0.9612970711297072,0.9565899581589958
0.9623430962343096,0.9565899581589958
0.9623430962343096,0.9571129707112972
0.963389121338912,0.9571129707112972
0.963389121338912,0.9581589958158996
0.9639121338912134,0.9581589958158996
0.9639121338912134,0.9586820083682008
0.9644351464435148,0.9586820083682008
0.9644351464435148,0.9597280334728032
0.964958158995816,0.9597280334728032
0.964958158995816,0.9602510460251046
0.9654811715481172,0.9602510460251046
0.9654811715481172,0.9612970711297072
0.9660041841004184,0.9612970711297072
0.9660041841004184,0.9618200836820084
0.9665271966527196,0.9618200836820084
0.9665271966527196,0.9623430962343096
0.9670502092050208,0.9623430962343096
0.9670502092050208,0.9628661087866108
0.9675732217573222,0.9628661087866108
0.9675732217573222,0.963389121338912
0.969142259414226,0.963389121338912
0.969142259414226,0.9639121338912134
0.9696652719665272,0.9639121338912134
0.9696652719665272,0.964958158995816
0.9712343096234308,0.964958158995816
0.9712343096234308,0.9660041841004184
0.9717573221757322,0.9660041841004184
0.9717573221757322,0.9670502092050208
0.9722803347280334,0.9670502092050208
0.9722803347280334,0.9675732217573222
0.9738493723849372,0.9675732217573222
0.9738493723849372,0.9696652719665272
0.9743723849372384,0.9696652719665272
0.9743723849372384,0.9701882845188284
0.975418410041841,0.9701882845188284
0.975418410041841,0.9717573221757322
0.9759414225941424,0.9717573221757322
0.9759414225941424,0.9722803347280334
0.9764644351464437,0.9722803347280334
0.9764644351464437,0.9728033472803348
0.977510460251046,0.9728033472803348
0.977510460251046,0.9738493723849372
0.9780334728033472,0.9738493723849372
0.9780334728033472,0.975418410041841
0.9801255230125524,0.975418410041841
0.9801255230125524,0.9759414225941424
0.9806485355648537,0.9759414225941424
0.9806485355648537,0.977510460251046
0.981694560669456,0.977510460251046
0.981694560669456,0.9785564853556484
0.9827405857740584,0.9785564853556484
0.9827405857740584,0.9790794979079498
0.9843096234309624,0.9790794979079498
0.9843096234309624,0.9801255230125524
0.9848326359832636,0.9801255230125524
0.9848326359832636,0.981694560669456
0.985878661087866,0.981694560669456
0.985878661087866,0.9832635983263598
0.9864016736401674,0.9832635983263598
0.9864016736401674,0.983786610878661
0.98744769874477,0.983786610878661
0.98744769874477,0.9848326359832636
0.9879707112970711,0.9848326359832636
0.9879707112970711,0.9853556485355648
0.9884937238493724,0.9853556485355648
0.9884937238493724,0.9864016736401674
0.9890167364016736,0.9864016736401674
0.9890167364016736,0.9869246861924686
0.9895397489539748,0.9869246861924686
0.9895397489539748,0.9879707112970711
0.9905857740585774,0.9879707112970711
0.9905857740585774,0.9890167364016736
0.9921548117154813,0.9890167364016736
0.9921548117154813,0.9895397489539748
0.9926778242677824,0.9895397489539748
0.9926778242677824,0.9911087866108786
0.9937238493723848,0.9911087866108786
0.9937238493723848,0.99163179916318
0.994246861924686,0.99163179916318
0.994246861924686,0.9921548117154813
0.9947698744769874,0.9921548117154813
0.9947698744769874,0.9932008368200836
0.9963389121338913,0.9932008368200836
0.9963389121338913,0.9937238493723848
0.9968619246861924,0.9937238493723848
0.9968619246861924,0.9973849372384938
0.9973849372384938,0.9973849372384938
0.9973849372384938,0.997907949790795
0.997907949790795,0.997907949790795
0.997907949790795,0.9984309623430964
0.9984309623430964,0.9984309623430964
0.9984309623430964,0.9989539748953976
0.9989539748953976,0.9989539748953976
0.9989539748953976,0.9994769874476988
0.9994769874476988,0.9994769874476988
0.9994769874476988,1.0
1.0,1.0
